Rank,Word,Times occured,Frequency(%)
1,the,10686,5.6240625246704035
2,and,7128,3.7514802242046263
3,of,5023,2.643614641719955
4,to,3897,2.0509986579300548
5,a,3540,1.8631088655561696
6,I,2815,1.4815399594747507
7,in,2764,1.4546985605641958
8,was,2460,1.294702770979711
9,that,2382,1.2536512197047445
10,he,2293,1.206810347096129
