Index,Word,Occurences,PercentOccur
1,the,11675,0.06134469677066804
2,and,7353,0.038635336647085405
3,of,5086,0.02672369402789016
4,to,3927,0.020633886442690656
5,a,3690,0.019388602234155467
6,in,2918,0.01533223341985519
7,he,2910,0.01529019850986244
8,was,2441,0.012825901911537532
9,it,2402,0.012620981725322881
10,that,2385,0.01253165754158829
